experiment,epoch,time_s,train_box_loss,train_cls_loss,train_dfl_loss,precision,recall,mAP50,mAP50-95,val_box_loss,val_cls_loss,val_dfl_loss,lr_pg0
baseline_n_640,1,16.225,1.96354,4.41665,0.00868,0.01012,0.66123,0.08644,0.04189,1.35643,4.13701,0.01115,0.00198496
baseline_n_640,2,28.1884,1.64443,3.3115,0.00713,0.52978,0.47889,0.51311,0.28258,1.32039,3.09309,0.01158,0.00396524
baseline_n_640,3,39.3585,1.61268,2.63764,0.00745,0.68318,0.61877,0.67725,0.40313,1.31506,2.05299,0.01191,0.00592571
baseline_n_640,4,50.4665,1.60352,2.14554,0.00718,0.76346,0.65643,0.74646,0.44502,1.2982,1.48459,0.01168,0.0059109
baseline_n_640,5,61.5051,1.57181,1.82198,0.00766,0.77895,0.69482,0.78107,0.46097,1.3013,1.29729,0.01187,0.0058812
baseline_n_640,6,72.4765,1.53984,1.56905,0.00688,0.80281,0.72937,0.81147,0.48864,1.32383,1.20361,0.01245,0.0058515
baseline_n_640,7,83.5396,1.51967,1.40862,0.00675,0.82536,0.74836,0.82948,0.5023,1.30924,1.08492,0.01201,0.0058218
baseline_n_640,8,94.6843,1.50575,1.32819,0.00705,0.81951,0.77562,0.84453,0.51741,1.27026,0.9957,0.01173,0.0057921
baseline_n_640,9,105.758,1.52357,1.23392,0.00669,0.85099,0.78375,0.86277,0.53252,1.29651,0.92585,0.0124,0.0057624
baseline_n_640,10,116.788,1.49573,1.14825,0.0066,0.87697,0.77983,0.86771,0.53139,1.29659,0.87709,0.01211,0.0057327
baseline_n_640,11,127.759,1.4718,1.11064,0.00656,0.86199,0.79175,0.87298,0.54296,1.28363,0.89795,0.01235,0.005703
baseline_n_640,12,138.833,1.48881,1.10873,0.00674,0.89608,0.78617,0.88291,0.55196,1.29305,0.83885,0.01263,0.0056733
baseline_n_640,13,149.998,1.46863,1.07538,0.00671,0.85849,0.79184,0.87221,0.54924,1.29874,0.84328,0.01282,0.0056436
baseline_n_640,14,160.928,1.44502,1.00948,0.00666,0.87603,0.82342,0.88821,0.55303,1.27835,0.84924,0.01213,0.0056139
baseline_n_640,15,171.884,1.45791,0.99504,0.00637,0.90292,0.80326,0.89466,0.5597,1.26988,0.80296,0.01209,0.0055842
baseline_n_640,16,182.758,1.46164,0.95265,0.00621,0.9121,0.81094,0.89686,0.56895,1.26852,0.79301,0.01225,0.0055545
baseline_n_640,17,193.906,1.44584,0.96149,0.00596,0.90192,0.81187,0.89668,0.56591,1.27301,0.81831,0.01224,0.0055248
baseline_n_640,18,204.899,1.41818,0.92657,0.00644,0.91226,0.80827,0.90244,0.57243,1.26852,0.80048,0.01219,0.0054951
baseline_n_640,19,215.797,1.41557,0.90493,0.00613,0.91212,0.80806,0.90211,0.5753,1.28185,0.78318,0.01225,0.0054654
baseline_n_640,20,227.007,1.40977,0.89009,0.00624,0.91669,0.8167,0.90091,0.57719,1.27459,0.80821,0.01199,0.0054357
baseline_n_640,21,238.377,1.40452,0.89202,0.00619,0.89362,0.82226,0.90165,0.58403,1.27586,0.7894,0.01283,0.005406
baseline_n_640,22,249.358,1.41381,0.86922,0.00607,0.90077,0.81862,0.9038,0.58518,1.26013,0.77093,0.01241,0.0053763
baseline_n_640,23,260.581,1.38089,0.85756,0.00611,0.89587,0.84214,0.90784,0.58566,1.28581,0.76704,0.01296,0.0053466
baseline_n_640,24,271.503,1.38883,0.8231,0.00606,0.9165,0.83973,0.90915,0.58477,1.28002,0.76806,0.01258,0.0053169
baseline_n_640,25,282.473,1.39259,0.81176,0.00623,0.91281,0.82726,0.90461,0.58397,1.28378,0.77317,0.01302,0.0052872
baseline_n_640,26,293.433,1.40086,0.81913,0.00601,0.89916,0.83973,0.90665,0.58563,1.26227,0.7638,0.01225,0.0052575
baseline_n_640,27,304.392,1.39271,0.81287,0.00618,0.91329,0.84261,0.90836,0.58441,1.26701,0.74655,0.01229,0.0052278
baseline_n_640,28,315.275,1.37638,0.78197,0.00595,0.93443,0.83493,0.91657,0.59793,1.26526,0.72585,0.01235,0.0051981
baseline_n_640,29,326.211,1.37492,0.78415,0.00639,0.89572,0.8491,0.91303,0.58697,1.28437,0.72307,0.01264,0.0051684
baseline_n_640,30,337.07,1.3837,0.76369,0.00593,0.92677,0.82589,0.91675,0.59828,1.27596,0.69222,0.01265,0.0051387
baseline_n_640,31,348.061,1.35158,0.7498,0.00574,0.92149,0.84479,0.91564,0.59783,1.27073,0.71216,0.01232,0.005109
baseline_n_640,32,358.957,1.35901,0.7802,0.006,0.90002,0.84261,0.91197,0.59637,1.24616,0.73341,0.01203,0.0050793
baseline_n_640,33,370.033,1.35824,0.73876,0.00594,0.9174,0.84202,0.91303,0.59738,1.25102,0.72202,0.01207,0.0050496
baseline_n_640,34,381.076,1.36042,0.7209,0.00547,0.9079,0.86084,0.91627,0.60268,1.23381,0.74643,0.01193,0.0050199
baseline_n_640,35,392.066,1.35935,0.73503,0.00584,0.89922,0.85631,0.91468,0.59743,1.22404,0.73724,0.0118,0.0049902
baseline_n_640,36,403.046,1.35077,0.75143,0.00606,0.93311,0.84069,0.91852,0.59913,1.21729,0.73817,0.01192,0.0049605
baseline_n_640,37,414.097,1.35236,0.73103,0.00569,0.92963,0.84941,0.91232,0.60174,1.25119,0.73713,0.01249,0.0049308
baseline_n_640,38,424.954,1.34969,0.72477,0.00569,0.92074,0.84837,0.90983,0.59535,1.25378,0.76604,0.01228,0.0049011
baseline_n_640,39,435.889,1.32424,0.71009,0.00573,0.93742,0.84819,0.92226,0.60485,1.24824,0.72782,0.01245,0.0048714
baseline_n_640,40,446.778,1.30747,0.69287,0.00547,0.9107,0.86564,0.92449,0.6091,1.26948,0.70814,0.01288,0.0048417
baseline_n_640,41,457.814,1.33842,0.68809,0.0055,0.91003,0.85425,0.92026,0.60714,1.26457,0.69746,0.01272,0.004812
baseline_n_640,42,468.857,1.30884,0.68465,0.0056,0.90842,0.86624,0.92343,0.60484,1.28831,0.70653,0.01293,0.0047823
baseline_n_640,43,479.751,1.33249,0.69415,0.00565,0.92766,0.86142,0.92739,0.60349,1.26648,0.70812,0.01263,0.0047526
baseline_n_640,44,490.809,1.3099,0.68306,0.006,0.9276,0.84846,0.92244,0.6079,1.26645,0.74182,0.01243,0.0047229
baseline_n_640,45,501.924,1.3079,0.69387,0.0057,0.92342,0.86084,0.91739,0.60051,1.28862,0.77429,0.01281,0.0046932
baseline_n_640,46,512.85,1.34361,0.69838,0.00524,0.93823,0.86007,0.92172,0.6112,1.24879,0.77114,0.01249,0.0046635
baseline_n_640,47,524.007,1.29925,0.67634,0.00558,0.93972,0.84837,0.92221,0.60913,1.28362,0.72653,0.01288,0.0046338
baseline_n_640,48,534.899,1.31735,0.68159,0.00544,0.90677,0.86804,0.92327,0.60328,1.28923,0.72504,0.01297,0.0046041
baseline_n_640,49,545.853,1.30772,0.66445,0.00533,0.93703,0.84357,0.92468,0.60575,1.29229,0.73831,0.01288,0.0045744
baseline_n_640,50,556.797,1.30962,0.67518,0.00556,0.92868,0.8622,0.92359,0.60928,1.26118,0.72291,0.01241,0.0045447
baseline_n_640,51,567.67,1.31961,0.67992,0.00535,0.93036,0.85797,0.92372,0.60815,1.26975,0.72385,0.01281,0.004515
baseline_n_640,52,578.716,1.3013,0.66469,0.00535,0.93106,0.85544,0.92581,0.60974,1.26478,0.74543,0.01269,0.0044853
baseline_n_640,53,589.686,1.28964,0.65275,0.00515,0.88534,0.88196,0.92036,0.60552,1.29082,0.73438,0.01326,0.0044556
baseline_n_640,54,600.589,1.28925,0.6296,0.00515,0.92463,0.87428,0.93084,0.61515,1.27259,0.66237,0.01284,0.0044259
baseline_n_640,55,611.622,1.26435,0.63865,0.00529,0.92733,0.86948,0.92496,0.61464,1.26142,0.69347,0.01266,0.0043962
baseline_n_640,56,622.563,1.27735,0.64376,0.00527,0.92948,0.87277,0.92969,0.61722,1.25876,0.70699,0.01239,0.0043665
baseline_n_640,57,633.671,1.27321,0.64421,0.00526,0.92872,0.87534,0.92663,0.60967,1.27267,0.76373,0.01291,0.0043368
baseline_n_640,58,644.654,1.30823,0.64738,0.00536,0.93668,0.86605,0.92788,0.60563,1.26782,0.73471,0.01266,0.0043071
baseline_n_640,59,655.522,1.28767,0.61013,0.00483,0.94116,0.85509,0.92153,0.60516,1.28449,0.71948,0.01306,0.0042774
baseline_n_640,60,666.468,1.28078,0.61468,0.00521,0.92898,0.86612,0.92435,0.60819,1.27943,0.72077,0.01284,0.0042477
baseline_n_640,61,677.443,1.29487,0.61879,0.00519,0.91971,0.86845,0.92581,0.61302,1.28358,0.73028,0.01311,0.004218
baseline_n_640,62,688.363,1.27091,0.60934,0.00518,0.92491,0.87474,0.92595,0.61338,1.27097,0.72108,0.01286,0.0041883
baseline_n_640,63,699.334,1.26646,0.62058,0.00509,0.93183,0.8714,0.92883,0.6059,1.28906,0.71523,0.01286,0.0041586
baseline_n_640,64,710.221,1.26079,0.63487,0.00524,0.93129,0.87908,0.93249,0.61495,1.28557,0.68244,0.01314,0.0041289
baseline_n_640,65,721.247,1.26432,0.6141,0.00492,0.92162,0.8802,0.92936,0.61055,1.28991,0.68793,0.01352,0.0040992
baseline_n_640,66,732.389,1.26442,0.62016,0.00505,0.9393,0.86372,0.93063,0.61958,1.25346,0.68706,0.0126,0.0040695
baseline_n_640,67,743.388,1.23856,0.59261,0.00479,0.94224,0.86372,0.93044,0.61448,1.28131,0.70576,0.01297,0.0040398
baseline_n_640,68,754.428,1.25235,0.60806,0.00494,0.91733,0.87327,0.93111,0.62044,1.25752,0.67547,0.01259,0.0040101
baseline_n_640,69,765.404,1.2627,0.60841,0.0049,0.92698,0.86501,0.9252,0.61684,1.28155,0.66627,0.01313,0.0039804
baseline_n_640,70,776.281,1.25558,0.60669,0.00501,0.92542,0.86468,0.92587,0.61672,1.27089,0.70108,0.01277,0.0039507
baseline_n_640,71,787.289,1.24885,0.61318,0.00501,0.92984,0.86491,0.92684,0.61437,1.2615,0.71904,0.01271,0.003921
baseline_n_640,72,798.126,1.24336,0.60607,0.00473,0.94888,0.87282,0.93519,0.61664,1.26974,0.73463,0.01283,0.0038913
baseline_n_640,73,809.085,1.24736,0.60554,0.0051,0.92634,0.87812,0.93283,0.61379,1.27463,0.70869,0.01304,0.0038616
baseline_n_640,74,820.034,1.2282,0.59054,0.00483,0.93098,0.86852,0.9302,0.60661,1.25338,0.74129,0.01267,0.0038319
baseline_n_640,75,830.972,1.23462,0.59397,0.00483,0.92462,0.8829,0.93199,0.61267,1.26066,0.70888,0.01256,0.0038022
baseline_n_640,76,842.162,1.21779,0.57887,0.0048,0.94404,0.858,0.92746,0.61028,1.28603,0.69322,0.01333,0.0037725
baseline_n_640,77,853.233,1.22543,0.59366,0.00498,0.91903,0.88292,0.93238,0.61734,1.27479,0.69515,0.01302,0.0037428
baseline_n_640,78,864.17,1.22928,0.58355,0.00499,0.92724,0.86837,0.9273,0.61181,1.27469,0.70531,0.01289,0.0037131
baseline_n_640,79,875.177,1.2387,0.58304,0.00507,0.94431,0.8625,0.92984,0.61684,1.26552,0.71252,0.01267,0.0036834
baseline_n_640,80,886.057,1.23306,0.56871,0.00495,0.93082,0.87524,0.92916,0.61329,1.28592,0.7099,0.01319,0.0036537
baseline_n_640,81,897.123,1.21853,0.58025,0.00478,0.92234,0.87768,0.92797,0.61595,1.27016,0.6816,0.01288,0.003624
baseline_n_640,82,908.089,1.23385,0.58473,0.00492,0.94048,0.86441,0.93272,0.62326,1.26697,0.67618,0.01269,0.0035943
baseline_n_640,83,918.926,1.24936,0.5865,0.00476,0.93529,0.86948,0.93104,0.62045,1.27488,0.72864,0.01304,0.0035646
baseline_n_640,84,929.866,1.21013,0.57803,0.00469,0.92407,0.87908,0.93036,0.62362,1.25749,0.74624,0.01275,0.0035349
baseline_n_640,85,940.915,1.20418,0.55601,0.00471,0.92605,0.88937,0.93336,0.62095,1.29692,0.71392,0.01306,0.0035052
baseline_n_640,86,951.826,1.20157,0.55808,0.00474,0.94363,0.86749,0.93534,0.62486,1.28324,0.71261,0.0133,0.0034755
baseline_n_640,87,962.864,1.21808,0.57166,0.00469,0.92996,0.87716,0.93025,0.62621,1.27084,0.71807,0.01288,0.0034458
baseline_n_640,88,973.825,1.21252,0.56016,0.00497,0.93861,0.88039,0.92997,0.6222,1.27221,0.75657,0.01275,0.0034161
baseline_n_640,89,984.892,1.22384,0.57008,0.00486,0.93558,0.87716,0.92869,0.62322,1.26612,0.74765,0.01274,0.0033864
baseline_n_640,90,995.971,1.19664,0.57889,0.0048,0.94553,0.86624,0.92853,0.62689,1.26492,0.72745,0.01278,0.0033567
baseline_n_640,91,1006.83,1.20121,0.55078,0.00487,0.94102,0.88676,0.93667,0.62665,1.27193,0.71458,0.01291,0.003327
baseline_n_640,92,1017.78,1.20461,0.58558,0.00488,0.94735,0.88063,0.93461,0.62701,1.27647,0.66765,0.01284,0.0032973
baseline_n_640,93,1028.66,1.19974,0.56185,0.00495,0.94775,0.8703,0.93289,0.62066,1.27265,0.69145,0.01292,0.0032676
baseline_n_640,94,1039.48,1.20107,0.55454,0.00459,0.94287,0.88692,0.93635,0.62117,1.28429,0.70497,0.01316,0.0032379
baseline_n_640,95,1050.5,1.20716,0.55664,0.00486,0.92686,0.88775,0.93407,0.62552,1.25741,0.68552,0.01296,0.0032082
baseline_n_640,96,1061.36,1.18302,0.53957,0.00464,0.93048,0.881,0.93239,0.6196,1.28823,0.70947,0.01334,0.0031785
baseline_n_640,97,1072.36,1.19649,0.55104,0.00457,0.9261,0.89155,0.93459,0.62659,1.25062,0.70744,0.01271,0.0031488
baseline_n_640,98,1083.36,1.20261,0.55295,0.00458,0.9457,0.8714,0.9323,0.61668,1.27588,0.69249,0.01324,0.0031191
baseline_n_640,99,1094.29,1.1957,0.55769,0.00471,0.94237,0.87332,0.93413,0.62026,1.26651,0.68329,0.013,0.0030894
baseline_n_640,100,1105.45,1.18698,0.54392,0.00464,0.94366,0.86948,0.93009,0.62232,1.27126,0.70378,0.01313,0.0030597
baseline_n_640,101,1116.47,1.18709,0.54201,0.00449,0.93996,0.87144,0.93349,0.6239,1.26268,0.67258,0.01287,0.00303
baseline_n_640,102,1127.34,1.19486,0.53381,0.00447,0.94056,0.88081,0.93596,0.62795,1.25341,0.67607,0.01255,0.0030003
baseline_n_640,103,1138.25,1.17743,0.53718,0.00476,0.94014,0.87418,0.93508,0.62644,1.25371,0.67633,0.01277,0.0029706
baseline_n_640,104,1149.08,1.19543,0.54969,0.00433,0.93844,0.88196,0.93672,0.62536,1.25247,0.67399,0.0127,0.0029409
baseline_n_640,105,1160.07,1.15475,0.51671,0.00454,0.93259,0.87624,0.93017,0.62496,1.26833,0.67356,0.01299,0.0029112
baseline_n_640,106,1170.96,1.1781,0.53958,0.00483,0.93,0.89257,0.93534,0.6275,1.27638,0.69666,0.01303,0.0028815
baseline_n_640,107,1181.83,1.15898,0.51512,0.00434,0.92109,0.88004,0.93066,0.62437,1.27688,0.70656,0.013,0.0028518
baseline_n_640,108,1192.75,1.17586,0.52456,0.00448,0.94952,0.88446,0.93875,0.6282,1.27384,0.69269,0.013,0.0028221
baseline_n_640,109,1203.74,1.18452,0.53975,0.00443,0.94545,0.88196,0.93901,0.62727,1.26304,0.68015,0.01264,0.0027924
baseline_n_640,110,1214.74,1.19649,0.54629,0.00436,0.94109,0.88916,0.93519,0.62943,1.25881,0.66146,0.01263,0.0027627
baseline_n_640,111,1225.75,1.14249,0.52734,0.00455,0.95296,0.88388,0.93654,0.62804,1.27073,0.65829,0.01293,0.002733
baseline_n_640,112,1236.68,1.16446,0.53832,0.0044,0.94178,0.88772,0.93739,0.6322,1.24744,0.65892,0.01243,0.0027033
baseline_n_640,113,1247.67,1.16638,0.52146,0.00453,0.9379,0.88484,0.93471,0.62954,1.24376,0.65417,0.01252,0.0026736
baseline_n_640,114,1258.6,1.18612,0.534,0.00434,0.94736,0.88081,0.93812,0.62806,1.24517,0.68537,0.01249,0.0026439
baseline_n_640,115,1269.49,1.17308,0.52272,0.00427,0.94288,0.8714,0.92757,0.62313,1.25473,0.70285,0.01275,0.0026142
baseline_n_640,116,1280.33,1.17128,0.5471,0.00445,0.93262,0.88999,0.93052,0.62187,1.26603,0.6819,0.0129,0.0025845
baseline_n_640,117,1291.27,1.16592,0.53915,0.00446,0.92767,0.88625,0.93108,0.62344,1.26947,0.66756,0.01276,0.0025548
baseline_n_640,118,1302.11,1.13029,0.50728,0.00444,0.92876,0.90019,0.93455,0.62239,1.25792,0.68911,0.01271,0.0025251
baseline_n_640,119,1313.11,1.17906,0.51175,0.00433,0.93747,0.88868,0.93721,0.62352,1.25629,0.6858,0.01264,0.0024954
baseline_n_640,120,1324.17,1.16364,0.52685,0.00446,0.93458,0.89114,0.93586,0.62932,1.24915,0.65836,0.01273,0.0024657
baseline_n_640,121,1335.29,1.14386,0.50984,0.00458,0.92381,0.89602,0.93549,0.62804,1.25365,0.67373,0.01279,0.002436
baseline_n_640,122,1346.33,1.14563,0.50183,0.00444,0.928,0.88676,0.93061,0.62156,1.25433,0.69094,0.01276,0.0024063
baseline_n_640,123,1357.22,1.1317,0.50491,0.00441,0.93328,0.881,0.92884,0.62377,1.26609,0.68321,0.01302,0.0023766
baseline_n_640,124,1368.19,1.14315,0.51992,0.00421,0.92758,0.88505,0.92916,0.62128,1.27132,0.68635,0.01302,0.0023469
baseline_n_640,125,1379.25,1.14435,0.51717,0.00426,0.94552,0.87524,0.93473,0.62626,1.26608,0.67061,0.01284,0.0023172
baseline_n_640,126,1390.04,1.12364,0.49554,0.00432,0.9289,0.89017,0.93126,0.62645,1.24768,0.68927,0.01268,0.0022875
baseline_n_640,127,1401,1.12412,0.48911,0.00429,0.93963,0.88676,0.93536,0.62984,1.24166,0.67286,0.01247,0.0022578
baseline_n_640,128,1411.82,1.14306,0.50496,0.00438,0.94705,0.87524,0.93321,0.62609,1.25558,0.68029,0.01271,0.0022281
baseline_n_640,129,1422.78,1.15006,0.50489,0.00422,0.92274,0.89923,0.9349,0.62475,1.25917,0.66283,0.01285,0.0021984
baseline_n_640,130,1433.91,1.14184,0.50646,0.00435,0.94209,0.88004,0.93453,0.62308,1.2601,0.67461,0.01281,0.0021687
baseline_n_640,131,1444.83,1.14405,0.51204,0.0043,0.93495,0.88283,0.9313,0.62426,1.26104,0.68295,0.01287,0.002139
baseline_n_640,132,1455.86,1.13036,0.50903,0.00447,0.93466,0.87858,0.93098,0.62842,1.24275,0.67262,0.0128,0.0021093
baseline_n_640,133,1466.9,1.13356,0.50823,0.00426,0.94949,0.86588,0.93183,0.62466,1.24288,0.68657,0.01267,0.0020796
baseline_n_640,134,1477.94,1.1302,0.49874,0.00422,0.93668,0.88025,0.93448,0.62894,1.23677,0.69208,0.01241,0.0020499
baseline_n_640,135,1488.87,1.11862,0.52081,0.00428,0.94025,0.89107,0.93153,0.63021,1.24308,0.69355,0.01265,0.0020202
baseline_n_640,136,1499.74,1.15943,0.51034,0.00408,0.93189,0.87973,0.93085,0.62836,1.25252,0.69318,0.01267,0.0019905
baseline_n_640,137,1510.68,1.13106,0.49487,0.00415,0.933,0.8858,0.93003,0.62642,1.25914,0.676,0.01268,0.0019608
baseline_n_640,138,1521.55,1.11648,0.49391,0.00423,0.94799,0.8921,0.93511,0.63108,1.25122,0.6862,0.01263,0.0019311
baseline_n_640,139,1532.5,1.10745,0.49432,0.00427,0.9498,0.8858,0.93099,0.62599,1.27485,0.68155,0.01285,0.0019014
baseline_n_640,140,1543.49,1.11101,0.48772,0.00426,0.94505,0.89155,0.93592,0.63086,1.26563,0.68481,0.01284,0.0018717
baseline_n_640,141,1554.51,1.13221,0.50878,0.00417,0.93783,0.89443,0.93407,0.62904,1.25377,0.69628,0.01266,0.001842
baseline_n_640,142,1565.49,1.12226,0.49875,0.00453,0.94215,0.88772,0.93299,0.63058,1.25797,0.67765,0.01263,0.0018123
baseline_n_640,143,1576.65,1.11426,0.50212,0.00418,0.93585,0.88484,0.93372,0.62974,1.25932,0.68469,0.01289,0.0017826
baseline_n_640,144,1587.55,1.10102,0.49006,0.00411,0.94763,0.88557,0.93501,0.63481,1.24323,0.67577,0.01276,0.0017529
baseline_n_640,145,1598.5,1.11149,0.50487,0.00426,0.93755,0.89731,0.93588,0.63367,1.25508,0.67303,0.01264,0.0017232
baseline_n_640,146,1609.43,1.11642,0.47833,0.00393,0.93056,0.90031,0.93663,0.63596,1.25466,0.68138,0.01276,0.0016935
baseline_n_640,147,1620.2,1.12114,0.47153,0.0042,0.93814,0.89155,0.9353,0.63316,1.26561,0.68566,0.01282,0.0016638
baseline_n_640,148,1631.23,1.09871,0.48132,0.00415,0.94321,0.88004,0.93241,0.63042,1.25778,0.67717,0.01272,0.0016341
baseline_n_640,149,1642.14,1.11814,0.48504,0.00423,0.9321,0.88868,0.93334,0.63385,1.23738,0.68371,0.01257,0.0016044
baseline_n_640,150,1652.99,1.09871,0.47277,0.00422,0.93475,0.89443,0.93636,0.63366,1.2327,0.67279,0.01248,0.0015747
baseline_n_640,151,1663.93,1.09161,0.47822,0.00412,0.94045,0.87812,0.93507,0.63553,1.24415,0.64899,0.01261,0.001545
baseline_n_640,152,1674.83,1.10439,0.47313,0.00404,0.93543,0.8906,0.93685,0.63555,1.25937,0.67355,0.01293,0.0015153
baseline_n_640,153,1685.93,1.10007,0.47737,0.00407,0.94595,0.89539,0.93881,0.63192,1.25446,0.65204,0.01258,0.0014856
baseline_n_640,154,1696.96,1.10356,0.49053,0.00406,0.95058,0.88614,0.93746,0.63441,1.24501,0.66707,0.01238,0.0014559
baseline_n_640,155,1707.92,1.10518,0.48427,0.00418,0.94936,0.8816,0.93294,0.63325,1.2517,0.68779,0.01256,0.0014262
baseline_n_640,156,1718.84,1.09278,0.47522,0.00403,0.94221,0.89179,0.93473,0.63004,1.24815,0.66195,0.01244,0.0013965
baseline_n_640,157,1729.92,1.10786,0.48229,0.00401,0.94778,0.88824,0.93367,0.63396,1.24495,0.66681,0.01243,0.0013668
baseline_n_640,158,1740.74,1.12488,0.48493,0.00396,0.9572,0.88868,0.9353,0.63502,1.24571,0.68266,0.01242,0.0013371
baseline_n_640,159,1751.64,1.08429,0.4713,0.00399,0.94591,0.88772,0.93551,0.631,1.25198,0.68245,0.01257,0.0013074
baseline_n_640,160,1762.45,1.08957,0.47294,0.00413,0.94195,0.8906,0.93639,0.63324,1.2603,0.66547,0.01284,0.0012777
baseline_n_640,161,1773.32,1.08642,0.48861,0.00407,0.94864,0.88628,0.93517,0.63057,1.25803,0.67865,0.0126,0.001248
baseline_n_640,162,1784.36,1.09475,0.47725,0.00395,0.94054,0.88292,0.92913,0.63045,1.25079,0.69912,0.01261,0.0012183
baseline_n_640,163,1795.22,1.08809,0.47274,0.004,0.93894,0.88543,0.93218,0.63052,1.25066,0.69104,0.01254,0.0011886
baseline_n_640,164,1806.22,1.11376,0.48038,0.00408,0.94118,0.89059,0.93189,0.63091,1.25012,0.66797,0.01272,0.0011589
baseline_n_640,165,1817.25,1.08872,0.46297,0.0041,0.94167,0.88319,0.93314,0.62931,1.25494,0.67583,0.01278,0.0011292
baseline_n_640,166,1828.11,1.11157,0.48755,0.00426,0.94169,0.88338,0.9306,0.6295,1.25266,0.68042,0.01272,0.0010995
baseline_n_640,167,1839.16,1.0973,0.48171,0.00396,0.94375,0.88484,0.93149,0.63084,1.25222,0.68196,0.01269,0.0010698
baseline_n_640,168,1849.99,1.10759,0.48184,0.00389,0.94247,0.88036,0.932,0.63075,1.25375,0.67428,0.0127,0.0010401
baseline_n_640,169,1860.91,1.07197,0.47154,0.00399,0.9439,0.87908,0.9314,0.63149,1.24907,0.68444,0.01254,0.0010104
baseline_n_640,170,1871.86,1.09637,0.47399,0.00395,0.9353,0.88772,0.93158,0.63107,1.25469,0.69007,0.01265,0.0009807
baseline_n_640,171,1882.69,1.08512,0.47705,0.00397,0.93477,0.88868,0.93131,0.63254,1.24917,0.69476,0.01264,0.000951
baseline_n_640,172,1893.7,1.09458,0.47435,0.00384,0.93976,0.88328,0.93174,0.63168,1.2512,0.68784,0.01259,0.0009213
baseline_n_640,173,1904.66,1.08058,0.47439,0.00403,0.94686,0.87908,0.93364,0.63306,1.24818,0.68821,0.01248,0.0008916
baseline_n_640,174,1915.58,1.10422,0.48277,0.00391,0.93736,0.89035,0.9341,0.63271,1.24472,0.69319,0.01247,0.0008619
baseline_n_640,175,1926.58,1.08798,0.47001,0.00394,0.94613,0.88868,0.93525,0.63255,1.24625,0.69479,0.01256,0.0008322
baseline_n_640,176,1937.49,1.06927,0.46181,0.0039,0.94084,0.88517,0.93291,0.633,1.24339,0.69519,0.01252,0.0008025
baseline_n_640,177,1948.6,1.09779,0.47777,0.00402,0.93644,0.89077,0.9354,0.63262,1.24534,0.69765,0.01261,0.0007728
baseline_n_640,178,1959.53,1.08706,0.47909,0.00384,0.94517,0.88868,0.93486,0.63154,1.24994,0.68973,0.01261,0.0007431
baseline_n_640,179,1970.36,1.08618,0.47886,0.00383,0.94026,0.8858,0.93243,0.63304,1.24366,0.69851,0.01251,0.0007134
baseline_n_640,180,1981.29,1.1001,0.48799,0.00389,0.94354,0.88292,0.93208,0.63087,1.25401,0.68936,0.01277,0.0006837
baseline_n_640,181,1992.26,1.09674,0.47849,0.00393,0.94275,0.88292,0.9338,0.63111,1.24852,0.70209,0.01261,0.000654
baseline_n_640,182,2003.18,1.08822,0.47063,0.00379,0.92999,0.8906,0.92994,0.63135,1.24731,0.71462,0.01258,0.0006243
baseline_n_640,183,2014.1,1.06664,0.46951,0.00395,0.94082,0.88964,0.93305,0.63216,1.24859,0.70168,0.01257,0.0005946
baseline_n_640,184,2024.97,1.08401,0.4595,0.00372,0.94524,0.87792,0.93249,0.63372,1.24993,0.69738,0.01262,0.0005649
baseline_n_640,185,2035.99,1.09147,0.475,0.00384,0.95048,0.88415,0.93327,0.63428,1.24802,0.69878,0.01256,0.0005352
baseline_n_640,186,2047.02,1.0845,0.47311,0.00388,0.94875,0.88676,0.93179,0.63252,1.24971,0.6944,0.0126,0.0005055
baseline_n_640,187,2058.12,1.07288,0.47055,0.00402,0.94815,0.88388,0.93389,0.63348,1.24929,0.69736,0.01264,0.0004758
baseline_n_640,188,2069.12,1.07687,0.47169,0.00393,0.93825,0.8858,0.93198,0.63152,1.24746,0.70238,0.0126,0.0004461
baseline_n_640,189,2080.04,1.0598,0.45404,0.00383,0.94516,0.87662,0.93065,0.63126,1.24962,0.69101,0.01274,0.0004164
baseline_n_640,190,2090.88,1.07799,0.46937,0.00387,0.94504,0.88772,0.93443,0.62934,1.2487,0.7025,0.01255,0.0003867
baseline_n_640,191,2101.94,1.06874,0.42053,0.00419,0.93831,0.87585,0.92461,0.61143,1.28952,0.7275,0.0132,0.000357
baseline_n_640,192,2112.46,1.06365,0.42788,0.00413,0.93316,0.87716,0.92531,0.60961,1.30248,0.71271,0.01355,0.0003273
baseline_n_640,193,2123.15,1.04326,0.40401,0.0039,0.93856,0.8762,0.92562,0.61578,1.29558,0.70832,0.0134,0.0002976
baseline_n_640,194,2133.81,1.0472,0.38898,0.00395,0.93118,0.88004,0.92593,0.61719,1.28482,0.73686,0.01308,0.0002679
baseline_n_640,195,2144.42,1.03112,0.39804,0.00385,0.93327,0.8858,0.92807,0.62017,1.27584,0.7003,0.01314,0.0002382
baseline_n_640,196,2155.29,1.02331,0.41422,0.00401,0.94931,0.87332,0.92559,0.61843,1.27431,0.74066,0.01278,0.0002085
exp_imgsz960,1,29.679,1.6862,5.83751,0.00816,0.59142,0.11612,0.29057,0.15486,1.19354,5.41369,0.01093,0.00199245
exp_imgsz960,2,53.5384,1.41348,4.21957,0.00658,0.57685,0.52591,0.55128,0.32679,1.20817,3.46255,0.01122,0.0039661
exp_imgsz960,3,76.1239,1.4465,3.04081,0.00722,0.74728,0.63148,0.71985,0.44031,1.24884,1.96386,0.01237,0.00591335
exp_imgsz960,4,98.6604,1.4264,2.31099,0.00747,0.76422,0.69674,0.781,0.49157,1.2456,1.45723,0.01285,0.0058812
exp_imgsz960,5,121.606,1.38938,1.82711,0.00755,0.8219,0.7352,0.82731,0.52814,1.25172,1.11642,0.01343,0.0058416
exp_imgsz960,6,144.429,1.37829,1.51854,0.00736,0.83288,0.75091,0.8483,0.53622,1.24598,0.99336,0.01305,0.005802
exp_imgsz960,7,167.087,1.37398,1.33202,0.00661,0.84478,0.77543,0.86688,0.55759,1.21492,0.89055,0.01262,0.0057624
exp_imgsz960,8,190.525,1.352,1.249,0.00729,0.8737,0.77351,0.87822,0.56512,1.23385,0.83066,0.01271,0.0057228
exp_imgsz960,9,213.418,1.35032,1.15557,0.00692,0.88681,0.7895,0.87965,0.56801,1.2179,0.83122,0.01246,0.0056832
exp_imgsz960,10,235.934,1.34879,1.09187,0.00673,0.86073,0.82446,0.89879,0.57011,1.2255,0.81003,0.01274,0.0056436
exp_imgsz960,11,258.55,1.34194,1.06863,0.00704,0.87634,0.82289,0.89915,0.58319,1.24006,0.8044,0.01285,0.005604
exp_imgsz960,12,281.065,1.32176,0.99744,0.00687,0.89589,0.82438,0.90245,0.60594,1.18169,0.75967,0.0123,0.0055644
exp_imgsz960,13,304.073,1.31747,0.97274,0.00685,0.89386,0.83205,0.91347,0.60498,1.21911,0.71335,0.01263,0.0055248
exp_imgsz960,14,326.633,1.31647,0.93688,0.00666,0.91902,0.82342,0.92057,0.61226,1.20432,0.67691,0.01262,0.0054852
exp_imgsz960,15,349.131,1.30635,0.89776,0.00666,0.91464,0.82246,0.91626,0.61472,1.17213,0.74067,0.01251,0.0054456
exp_imgsz960,16,371.676,1.31058,0.88208,0.00653,0.91752,0.83272,0.9195,0.6194,1.19027,0.6812,0.01235,0.005406
exp_imgsz960,17,394.627,1.28892,0.85186,0.00645,0.91535,0.85098,0.92804,0.62455,1.18678,0.66185,0.01236,0.0053664
exp_imgsz960,18,417.59,1.28029,0.82332,0.00639,0.91655,0.84325,0.92107,0.62757,1.17823,0.67976,0.01234,0.0053268
exp_imgsz960,19,440.075,1.26889,0.8007,0.00639,0.93435,0.81958,0.92271,0.63057,1.19196,0.66149,0.01276,0.0052872
exp_imgsz960,20,462.657,1.28337,0.80623,0.00685,0.89611,0.87044,0.92682,0.62956,1.1855,0.64297,0.0127,0.0052476
exp_imgsz960,21,485.233,1.26897,0.79143,0.00656,0.91395,0.86641,0.93152,0.63058,1.17599,0.64697,0.01245,0.005208
exp_imgsz960,22,508.433,1.268,0.7763,0.00613,0.91443,0.87173,0.93517,0.64263,1.1576,0.6446,0.01221,0.0051684
exp_imgsz960,23,531.731,1.25422,0.75073,0.00616,0.91143,0.86909,0.93385,0.63155,1.17514,0.6736,0.01264,0.0051288
exp_imgsz960,24,554.77,1.25132,0.74843,0.0063,0.92109,0.87428,0.93748,0.6354,1.17495,0.6462,0.01271,0.0050892
exp_imgsz960,25,577.969,1.24897,0.7453,0.00646,0.92832,0.88292,0.94074,0.63773,1.17897,0.61502,0.01258,0.0050496
exp_imgsz960,26,600.868,1.25346,0.72178,0.0061,0.91778,0.86776,0.93661,0.6378,1.16013,0.63732,0.01255,0.00501
exp_imgsz960,27,623.514,1.2401,0.70601,0.00595,0.93807,0.87215,0.94128,0.64082,1.16528,0.63184,0.01269,0.0049704
exp_imgsz960,28,646.562,1.2325,0.72024,0.00633,0.91644,0.86313,0.93562,0.64142,1.16888,0.63227,0.01258,0.0049308
exp_imgsz960,29,669.849,1.24021,0.69534,0.00613,0.93175,0.87236,0.93846,0.64199,1.13684,0.6713,0.01182,0.0048912
exp_imgsz960,30,692.868,1.21165,0.69878,0.00603,0.91822,0.87716,0.93826,0.63981,1.15785,0.66907,0.01201,0.0048516
exp_imgsz960,31,715.933,1.21489,0.65447,0.00587,0.92364,0.85896,0.93553,0.64033,1.16649,0.66264,0.01273,0.004812
exp_imgsz960,32,738.843,1.20271,0.67391,0.00598,0.92524,0.87908,0.93974,0.64342,1.15443,0.63648,0.01235,0.0047724
exp_imgsz960,33,761.692,1.21828,0.67563,0.00571,0.91577,0.86604,0.93859,0.65021,1.15475,0.63468,0.01239,0.0047328
exp_imgsz960,34,784.685,1.19956,0.66232,0.00597,0.92391,0.87044,0.93791,0.64786,1.14307,0.67281,0.01207,0.0046932
exp_imgsz960,35,807.571,1.19856,0.63574,0.00595,0.93277,0.8714,0.94518,0.65781,1.12852,0.66035,0.01187,0.0046536
exp_imgsz960,36,830.296,1.19736,0.6493,0.00571,0.90835,0.89443,0.94546,0.65194,1.16486,0.60954,0.01288,0.004614
exp_imgsz960,37,853.376,1.18462,0.64113,0.00583,0.90445,0.88292,0.94287,0.64666,1.16215,0.64504,0.01255,0.0045744
exp_imgsz960,38,876.371,1.18533,0.64063,0.00586,0.92515,0.88967,0.94698,0.64927,1.15198,0.62913,0.01243,0.0045348
exp_imgsz960,39,898.806,1.19088,0.63963,0.00587,0.93774,0.87428,0.94662,0.65079,1.16391,0.59271,0.01238,0.0044952
exp_imgsz960,40,12.3267,1.43177,0.8492,0.00619,0.92012,0.8401,0.92072,0.60223,1.26842,0.69416,0.01251,0.0044556
exp_imgsz960,41,23.7981,1.3846,0.79071,0.00595,0.92852,0.84765,0.92368,0.60799,1.26104,0.67841,0.01243,0.004416
exp_imgsz960,42,35.1209,1.37989,0.78544,0.00609,0.90102,0.85893,0.9199,0.59519,1.2901,0.7004,0.01276,0.0043764
exp_imgsz960,43,46.8319,1.38626,0.78264,0.00598,0.91892,0.85929,0.92563,0.61038,1.2553,0.6772,0.01234,0.0043368
exp_imgsz960,44,58.8641,1.37447,0.74421,0.00636,0.92069,0.84668,0.92262,0.60192,1.27633,0.69755,0.01307,0.0042972
exp_imgsz960,45,70.0956,1.3555,0.72787,0.00566,0.91963,0.85317,0.92349,0.60465,1.26915,0.68172,0.01257,0.0042576
exp_imgsz960,46,80.9645,1.34709,0.72039,0.00565,0.91633,0.86189,0.92519,0.60712,1.2765,0.66835,0.01263,0.004218
exp_imgsz960,47,91.7229,1.33935,0.72349,0.00598,0.92742,0.85701,0.92917,0.61385,1.24931,0.65206,0.01208,0.0041784
exp_imgsz960,48,102.688,1.37257,0.71852,0.00564,0.9222,0.86948,0.92984,0.61783,1.25009,0.68415,0.01216,0.0041388
exp_imgsz960,49,114.041,1.33698,0.702,0.00551,0.92921,0.86915,0.93151,0.61447,1.22634,0.65146,0.01199,0.0040992
exp_imgsz960,50,126.159,1.32342,0.70121,0.00558,0.92029,0.8666,0.93023,0.61439,1.2655,0.6729,0.01253,0.0040596
exp_imgsz960,51,137.752,1.34785,0.71385,0.00578,0.92823,0.85645,0.92882,0.61265,1.23794,0.68585,0.01206,0.00402
exp_imgsz960,52,149.488,1.33426,0.70653,0.00571,0.93587,0.86833,0.93231,0.61465,1.25938,0.66286,0.01253,0.0039804
exp_imgsz960,53,160.903,1.31802,0.67865,0.00578,0.93755,0.85007,0.92883,0.61641,1.26156,0.64384,0.01269,0.0039408
exp_imgsz960,54,172.469,1.33002,0.67963,0.00543,0.93598,0.85988,0.92817,0.61675,1.25647,0.65494,0.01239,0.0039012
exp_imgsz960,55,184.351,1.33289,0.66907,0.00531,0.93804,0.85722,0.92854,0.61331,1.27352,0.66184,0.01257,0.0038616
exp_imgsz960,56,196.634,1.33693,0.67809,0.00525,0.93739,0.88484,0.93372,0.62231,1.2631,0.6292,0.01255,0.003822
exp_imgsz960,57,208.88,1.30446,0.67454,0.0056,0.93239,0.8735,0.93339,0.61673,1.2774,0.64059,0.0127,0.0037824
exp_imgsz960,58,221.042,1.30689,0.66363,0.00538,0.93908,0.87524,0.93173,0.61743,1.27531,0.65015,0.01298,0.0037428
exp_imgsz960,59,233.26,1.30715,0.65724,0.00549,0.93468,0.86276,0.93391,0.61817,1.2509,0.67029,0.01248,0.0037032
exp_imgsz960,60,245.837,1.29292,0.66062,0.00535,0.93787,0.8692,0.93383,0.61828,1.24369,0.6293,0.01229,0.0036636
exp_imgsz960,61,257.433,1.30561,0.64561,0.00529,0.93156,0.87517,0.9336,0.62243,1.24379,0.61019,0.01222,0.003624
exp_imgsz960,62,268.939,1.27358,0.64976,0.00538,0.92156,0.8794,0.93421,0.61704,1.27093,0.61206,0.01271,0.0035844
exp_imgsz960,63,280.48,1.28201,0.63814,0.00532,0.91876,0.89251,0.9339,0.61978,1.26666,0.63006,0.01249,0.0035448
exp_imgsz960,64,292.331,1.28037,0.63913,0.00534,0.93175,0.87785,0.93347,0.6198,1.25661,0.66324,0.01258,0.0035052
exp_imgsz960,65,304.268,1.28954,0.63796,0.0052,0.94468,0.86372,0.93345,0.62033,1.26,0.67655,0.01258,0.0034656
exp_imgsz960,66,315.419,1.3014,0.62821,0.00563,0.92485,0.88582,0.93284,0.61702,1.26783,0.66401,0.01269,0.003426
exp_imgsz960,67,326.196,1.27915,0.62955,0.0052,0.92257,0.87044,0.92872,0.61769,1.25207,0.68724,0.0125,0.0033864
exp_imgsz960,68,336.9,1.27916,0.62994,0.0055,0.92413,0.87676,0.92979,0.61555,1.27452,0.65195,0.01273,0.0033468
exp_imgsz960,69,347.53,1.28468,0.62289,0.00521,0.94779,0.86468,0.93016,0.61716,1.26897,0.65358,0.01275,0.0033072
exp_imgsz960,70,358.349,1.26706,0.61267,0.00506,0.94846,0.86564,0.93642,0.61861,1.26971,0.67891,0.0128,0.0032676
exp_imgsz960,71,369.049,1.26224,0.64576,0.00523,0.91882,0.86756,0.9285,0.61565,1.26053,0.66106,0.01254,0.003228
exp_imgsz960,72,379.812,1.2693,0.6157,0.00526,0.93656,0.8784,0.93288,0.62322,1.26769,0.65374,0.01273,0.0031884
exp_imgsz960,73,390.554,1.26945,0.6044,0.00488,0.93364,0.87758,0.93686,0.62581,1.2562,0.65428,0.01219,0.0031488
exp_imgsz960,74,401.223,1.26251,0.60672,0.00515,0.94602,0.85776,0.9278,0.62083,1.25235,0.68351,0.01242,0.0031092
exp_imgsz960,75,412.094,1.25187,0.62517,0.00518,0.95461,0.85701,0.9352,0.6222,1.27085,0.64573,0.01294,0.0030696
exp_imgsz960,76,422.919,1.26841,0.62018,0.00509,0.94184,0.87332,0.93365,0.61838,1.27472,0.62486,0.01306,0.00303
exp_imgsz960,77,433.627,1.2635,0.60341,0.00505,0.93783,0.88004,0.93317,0.62512,1.26344,0.64466,0.01265,0.0029904
exp_imgsz960,78,444.801,1.23721,0.60262,0.00511,0.93495,0.86902,0.93143,0.61817,1.26479,0.67641,0.01251,0.0029508
exp_imgsz960,79,456.763,1.22539,0.58121,0.00491,0.92012,0.88431,0.93288,0.62538,1.27659,0.64254,0.01285,0.0029112
exp_imgsz960,80,468.793,1.26282,0.59423,0.00498,0.91886,0.87428,0.93216,0.62128,1.30145,0.66153,0.0133,0.0028716
exp_imgsz960,81,480.821,1.23207,0.58671,0.00508,0.93473,0.8714,0.93297,0.62135,1.2694,0.66562,0.01261,0.002832
exp_imgsz960,82,492.707,1.25274,0.58944,0.005,0.93841,0.86274,0.93486,0.62115,1.26714,0.64551,0.01282,0.0027924
exp_imgsz960,83,504.872,1.23166,0.58912,0.00542,0.9263,0.881,0.93421,0.61826,1.26866,0.65832,0.01246,0.0027528
exp_imgsz960,84,517.115,1.22948,0.59411,0.00505,0.92624,0.87977,0.9299,0.62459,1.25553,0.66733,0.01234,0.0027132
exp_imgsz960,85,529.434,1.27221,0.60911,0.0047,0.93159,0.87562,0.92996,0.62697,1.25052,0.66319,0.01253,0.0026736
exp_imgsz960,86,541.506,1.22217,0.58083,0.00497,0.92921,0.87428,0.93318,0.62348,1.2528,0.63877,0.01249,0.002634
exp_imgsz960,87,553.206,1.24353,0.59585,0.00492,0.90328,0.88726,0.93009,0.62489,1.24964,0.66105,0.01248,0.0025944
exp_imgsz960,88,565.289,1.24029,0.57917,0.00486,0.93022,0.86995,0.92949,0.62451,1.26999,0.6723,0.01274,0.0025548
exp_imgsz960,89,577.354,1.22663,0.58113,0.00495,0.92153,0.87906,0.93295,0.63018,1.25477,0.66854,0.01243,0.0025152
exp_imgsz960,90,589.215,1.24767,0.59781,0.00483,0.94729,0.86084,0.93167,0.62689,1.26545,0.67651,0.01276,0.0024756
exp_imgsz960,91,601.244,1.23707,0.57093,0.00485,0.92836,0.87052,0.93235,0.62728,1.25792,0.65804,0.01265,0.002436
exp_imgsz960,92,613.124,1.22208,0.57242,0.00469,0.93326,0.87812,0.93007,0.62451,1.24985,0.66875,0.01236,0.0023964
exp_imgsz960,93,624.724,1.22032,0.56207,0.00466,0.94337,0.85221,0.92821,0.62169,1.25607,0.67037,0.01255,0.0023568
exp_imgsz960,94,636.759,1.20309,0.55551,0.00482,0.94154,0.86562,0.93157,0.62572,1.23875,0.66461,0.01228,0.0023172
exp_imgsz960,95,648.643,1.21472,0.57171,0.00477,0.93058,0.87484,0.93181,0.62782,1.24629,0.66246,0.01237,0.0022776
exp_imgsz960,96,660.611,1.20447,0.56512,0.00476,0.91799,0.88196,0.93085,0.62567,1.25031,0.65632,0.01235,0.002238
exp_imgsz960,97,672.716,1.23914,0.57138,0.00486,0.94232,0.87812,0.93477,0.62388,1.27008,0.63241,0.01278,0.0021984
exp_imgsz960,98,685.588,1.22296,0.55839,0.00438,0.95242,0.87524,0.93358,0.62409,1.26411,0.63422,0.0127,0.0021588
exp_imgsz960,99,697.609,1.21473,0.55754,0.00472,0.93278,0.87889,0.93348,0.62313,1.26504,0.64828,0.01272,0.0021192
exp_imgsz960,100,709.199,1.22487,0.56158,0.0047,0.93542,0.88964,0.93448,0.62767,1.2802,0.66558,0.01312,0.0020796
exp_imgsz960,101,720.015,1.2042,0.55551,0.00461,0.92866,0.88004,0.934,0.63095,1.28034,0.66012,0.01313,0.00204
exp_imgsz960,102,730.991,1.19716,0.55435,0.00459,0.93566,0.87928,0.93839,0.62842,1.27348,0.64123,0.01288,0.0020004
exp_imgsz960,103,743.161,1.20335,0.57439,0.00478,0.93691,0.87716,0.93397,0.62272,1.27849,0.67605,0.01297,0.0019608
exp_imgsz960,104,755.507,1.2145,0.56265,0.00458,0.94262,0.86707,0.93322,0.6214,1.27511,0.66501,0.01288,0.0019212
exp_imgsz960,105,767.515,1.20594,0.56312,0.00462,0.91993,0.87108,0.93114,0.62489,1.27033,0.65913,0.01293,0.0018816
exp_imgsz960,106,779.406,1.18364,0.54197,0.00442,0.94549,0.86564,0.93075,0.62125,1.28027,0.69011,0.01316,0.001842
exp_imgsz960,107,791.404,1.20788,0.55532,0.00455,0.93375,0.86564,0.93126,0.62491,1.27464,0.64599,0.013,0.0018024
exp_imgsz960,108,803.744,1.20751,0.55732,0.00454,0.93765,0.85988,0.93038,0.62803,1.26169,0.64693,0.01284,0.0017628
exp_imgsz960,109,815.829,1.19926,0.54958,0.00455,0.93224,0.88469,0.93651,0.62775,1.28936,0.64005,0.01335,0.0017232
exp_imgsz960,110,827.765,1.2036,0.56456,0.00465,0.92341,0.87936,0.93295,0.62972,1.27646,0.66232,0.01306,0.0016836
exp_imgsz960,111,839.975,1.19128,0.54426,0.00435,0.91412,0.8906,0.93437,0.62921,1.28159,0.6495,0.01303,0.001644
exp_imgsz960,112,874.517,1.19356,0.54609,0.00467,0.93829,0.87559,0.93351,0.62811,1.28753,0.63066,0.01312,0.0016044
exp_imgsz960,113,941.097,1.18613,0.52964,0.00451,0.93715,0.8729,0.93485,0.63352,1.25612,0.6435,0.01247,0.0015648
exp_imgsz960,114,971.58,1.17695,0.53656,0.00439,0.92488,0.881,0.93459,0.62568,1.26696,0.64531,0.01268,0.0015252
exp_imgsz960,115,982.471,1.17043,0.53841,0.00444,0.93345,0.8749,0.93048,0.62886,1.26053,0.67675,0.01266,0.0014856
exp_imgsz960,116,993.361,1.17784,0.54695,0.00455,0.93252,0.88851,0.93507,0.6278,1.26072,0.65952,0.01261,0.001446
exp_imgsz960,117,1004.27,1.17363,0.53866,0.00458,0.92731,0.88772,0.93496,0.62672,1.26603,0.65747,0.01266,0.0014064
exp_imgsz960,118,1015.08,1.19213,0.53606,0.00465,0.93349,0.87547,0.93476,0.62857,1.25433,0.66266,0.01261,0.0013668
exp_imgsz960,119,1025.78,1.17994,0.52149,0.00456,0.94577,0.87037,0.93545,0.63114,1.26201,0.66747,0.01279,0.0013272
exp_imgsz960,120,1036.55,1.16846,0.53837,0.00438,0.93854,0.87524,0.93463,0.62849,1.26478,0.66596,0.01279,0.0012876
exp_imgsz960,121,1047.27,1.19292,0.53256,0.00458,0.92868,0.87332,0.93513,0.62921,1.27248,0.6586,0.01294,0.001248
exp_imgsz960,122,1058.03,1.20123,0.54174,0.0044,0.93752,0.86564,0.93188,0.62732,1.28123,0.65676,0.01323,0.0012084
exp_imgsz960,123,1068.8,1.17292,0.5293,0.00442,0.94076,0.86877,0.93424,0.6288,1.26418,0.6732,0.01294,0.0011688
exp_imgsz960,124,1079.6,1.1586,0.51859,0.00442,0.92707,0.88676,0.93646,0.63238,1.28346,0.64183,0.01323,0.0011292
exp_imgsz960,125,1090.27,1.16466,0.51844,0.00438,0.92863,0.88658,0.93585,0.6312,1.26314,0.66904,0.01277,0.0010896
exp_imgsz960,126,1100.99,1.17311,0.52947,0.00433,0.92475,0.8858,0.93462,0.63135,1.2612,0.67145,0.01266,0.00105
exp_imgsz960,127,1111.86,1.16361,0.52447,0.00462,0.93929,0.87605,0.93516,0.63065,1.26721,0.66363,0.01269,0.0010104
exp_imgsz960,128,1122.7,1.17969,0.53597,0.00451,0.9304,0.88388,0.93533,0.63289,1.25341,0.65766,0.01248,0.0009708
exp_imgsz960,129,1133.55,1.15073,0.51561,0.00437,0.92862,0.88651,0.9364,0.63378,1.25399,0.678,0.0127,0.0009312
exp_imgsz960,130,1144.37,1.15618,0.52813,0.00456,0.93724,0.87332,0.93374,0.62928,1.2551,0.678,0.01271,0.0008916
exp_imgsz960,131,1155.31,1.16078,0.54564,0.00444,0.92055,0.88388,0.93345,0.63166,1.26403,0.65187,0.01288,0.000852
exp_imgsz960,132,1166.17,1.16776,0.53202,0.00458,0.92415,0.88196,0.9346,0.63144,1.27524,0.63864,0.01318,0.0008124
exp_imgsz960,133,1176.9,1.16583,0.51427,0.00436,0.92867,0.88711,0.93493,0.63125,1.26311,0.65928,0.01286,0.0007728
exp_imgsz960,134,1187.74,1.17172,0.52755,0.00455,0.93319,0.88676,0.93462,0.62858,1.25787,0.66867,0.01279,0.0007332
exp_imgsz960,135,1198.56,1.1445,0.51531,0.00431,0.9348,0.87812,0.934,0.62912,1.25714,0.66326,0.01273,0.0006936
exp_imgsz960,136,1209.52,1.15993,0.52525,0.00433,0.93722,0.87908,0.93493,0.63013,1.25763,0.65991,0.01271,0.000654
exp_imgsz960,137,1220.36,1.16868,0.51969,0.00433,0.92559,0.88964,0.93399,0.63079,1.25238,0.65496,0.01273,0.0006144
exp_imgsz960,138,1231.1,1.15467,0.52329,0.00436,0.9245,0.89309,0.93518,0.62917,1.25049,0.66607,0.01256,0.0005748
exp_imgsz960,139,1241.9,1.15063,0.51412,0.00439,0.94113,0.87812,0.93298,0.62773,1.25264,0.67032,0.01258,0.0005352
exp_imgsz960,140,1252.78,1.15153,0.51957,0.00424,0.93956,0.88484,0.93353,0.6256,1.25765,0.68417,0.01268,0.0004956
exp_imgsz960,141,1263.64,1.1332,0.46172,0.00452,0.9158,0.8714,0.92454,0.61128,1.27834,0.6869,0.01272,0.000456
exp_imgsz960,142,1274.16,1.086,0.42911,0.0044,0.9277,0.86468,0.92518,0.6166,1.27893,0.66358,0.0129,0.0004164
exp_imgsz960,143,1284.62,1.07491,0.43948,0.0046,0.91336,0.88018,0.92575,0.61844,1.26749,0.67059,0.01263,0.0003768
exp_imgsz960,144,1295.21,1.06675,0.42612,0.00421,0.92312,0.88735,0.9266,0.61947,1.26387,0.66683,0.01257,0.0003372
exp_imgsz960,145,1306.04,1.08428,0.44336,0.0043,0.93181,0.87865,0.92688,0.62307,1.2541,0.65851,0.01239,0.0002976
exp_imgsz960,146,1316.53,1.07632,0.42724,0.00417,0.93264,0.8762,0.92551,0.62315,1.24763,0.66701,0.01233,0.000258
exp_imgsz960,147,1327.1,1.07521,0.43633,0.00462,0.92819,0.88071,0.92697,0.62301,1.24387,0.66614,0.01215,0.0002184
exp_imgsz960,148,1337.83,1.06806,0.42553,0.00421,0.93521,0.87332,0.92629,0.62371,1.24587,0.67539,0.01219,0.0001788
exp_imgsz960,149,1348.35,1.05002,0.41213,0.00409,0.93826,0.87507,0.92856,0.62487,1.24843,0.67016,0.01218,0.0001392
exp_imgsz960,150,1359.06,1.06219,0.41392,0.00416,0.92906,0.88484,0.92777,0.62427,1.24531,0.677,0.01214,9.96e-05
exp_imgsz960_v2,1,28.9003,1.6862,5.83751,0.00816,0.59142,0.11612,0.29057,0.15486,1.19354,5.41369,0.01093,0.00199245
exp_imgsz960_v2,2,51.9442,1.41348,4.21957,0.00658,0.57685,0.52591,0.55128,0.32679,1.20817,3.46255,0.01122,0.0039661
exp_imgsz960_v2,3,74.1765,1.4465,3.04081,0.00722,0.74728,0.63148,0.71985,0.44031,1.24884,1.96386,0.01237,0.00591335
exp_imgsz960_v2,4,96.3269,1.4264,2.31099,0.00747,0.76422,0.69674,0.781,0.49157,1.2456,1.45723,0.01285,0.0058812
exp_imgsz960_v2,5,118.226,1.38938,1.82711,0.00755,0.8219,0.7352,0.82731,0.52814,1.25172,1.11642,0.01343,0.0058416
exp_imgsz960_v2,6,140.198,1.37829,1.51854,0.00736,0.83288,0.75091,0.8483,0.53622,1.24598,0.99336,0.01305,0.005802
exp_imgsz960_v2,7,162.118,1.37398,1.33202,0.00661,0.84478,0.77543,0.86688,0.55759,1.21492,0.89055,0.01262,0.0057624
exp_imgsz960_v2,8,184.088,1.352,1.249,0.00729,0.8737,0.77351,0.87822,0.56512,1.23385,0.83066,0.01271,0.0057228
exp_imgsz960_v2,9,206.099,1.35032,1.15557,0.00692,0.88681,0.7895,0.87965,0.56801,1.2179,0.83122,0.01246,0.0056832
exp_imgsz960_v2,10,228.016,1.34879,1.09187,0.00673,0.86073,0.82446,0.89879,0.57011,1.2255,0.81003,0.01274,0.0056436
exp_imgsz960_v2,11,250.031,1.34194,1.06863,0.00704,0.87634,0.82289,0.89915,0.58319,1.24006,0.8044,0.01285,0.005604
exp_imgsz960_v2,12,271.889,1.32176,0.99744,0.00687,0.89589,0.82438,0.90245,0.60594,1.18169,0.75967,0.0123,0.0055644
exp_imgsz960_v2,13,293.816,1.31747,0.97274,0.00685,0.89386,0.83205,0.91347,0.60498,1.21911,0.71335,0.01263,0.0055248
exp_imgsz960_v2,14,315.751,1.31647,0.93688,0.00666,0.91902,0.82342,0.92057,0.61226,1.20432,0.67691,0.01262,0.0054852
exp_imgsz960_v2,15,337.69,1.30635,0.89776,0.00666,0.91464,0.82246,0.91626,0.61472,1.17213,0.74067,0.01251,0.0054456
exp_imgsz960_v2,16,359.647,1.31058,0.88208,0.00653,0.91752,0.83272,0.9195,0.6194,1.19027,0.6812,0.01235,0.005406
exp_imgsz960_v2,17,381.552,1.28892,0.85186,0.00645,0.91535,0.85098,0.92804,0.62455,1.18678,0.66185,0.01236,0.0053664
exp_imgsz960_v2,18,403.514,1.28029,0.82332,0.00639,0.91655,0.84325,0.92107,0.62757,1.17823,0.67976,0.01234,0.0053268
exp_imgsz960_v2,19,425.441,1.26889,0.8007,0.00639,0.93435,0.81958,0.92271,0.63057,1.19196,0.66149,0.01276,0.0052872
exp_imgsz960_v2,20,447.349,1.28337,0.80623,0.00685,0.89611,0.87044,0.92682,0.62956,1.1855,0.64297,0.0127,0.0052476
exp_imgsz960_v2,21,469.192,1.26897,0.79143,0.00656,0.91395,0.86641,0.93152,0.63058,1.17599,0.64697,0.01245,0.005208
exp_imgsz960_v2,22,491.135,1.268,0.7763,0.00613,0.91443,0.87173,0.93517,0.64263,1.1576,0.6446,0.01221,0.0051684
exp_imgsz960_v2,23,513.019,1.25422,0.75073,0.00616,0.91143,0.86909,0.93385,0.63155,1.17514,0.6736,0.01264,0.0051288
exp_imgsz960_v2,24,535.072,1.25132,0.74843,0.0063,0.92109,0.87428,0.93748,0.6354,1.17495,0.6462,0.01271,0.0050892
exp_imgsz960_v2,25,557.008,1.24897,0.7453,0.00646,0.92832,0.88292,0.94074,0.63773,1.17897,0.61502,0.01258,0.0050496
exp_imgsz960_v2,26,578.853,1.25346,0.72178,0.0061,0.91778,0.86776,0.93661,0.6378,1.16013,0.63732,0.01255,0.00501
exp_imgsz960_v2,27,600.791,1.2401,0.70601,0.00595,0.93807,0.87215,0.94128,0.64082,1.16528,0.63184,0.01269,0.0049704
exp_imgsz960_v2,28,622.602,1.2325,0.72024,0.00633,0.91644,0.86313,0.93562,0.64142,1.16888,0.63227,0.01258,0.0049308
exp_imgsz960_v2,29,644.639,1.24021,0.69534,0.00613,0.93175,0.87236,0.93846,0.64199,1.13684,0.6713,0.01182,0.0048912
exp_imgsz960_v2,30,666.462,1.21165,0.69878,0.00603,0.91822,0.87716,0.93826,0.63981,1.15785,0.66907,0.01201,0.0048516
exp_imgsz960_v2,31,688.303,1.21489,0.65447,0.00587,0.92364,0.85896,0.93553,0.64033,1.16649,0.66264,0.01273,0.004812
exp_imgsz960_v2,32,710.119,1.20271,0.67391,0.00598,0.92524,0.87908,0.93974,0.64342,1.15443,0.63648,0.01235,0.0047724
exp_imgsz960_v2,33,731.906,1.21828,0.67563,0.00571,0.91577,0.86604,0.93859,0.65021,1.15475,0.63468,0.01239,0.0047328
exp_imgsz960_v2,34,753.889,1.19956,0.66232,0.00597,0.92391,0.87044,0.93791,0.64786,1.14307,0.67281,0.01207,0.0046932
exp_imgsz960_v2,35,775.696,1.19856,0.63574,0.00595,0.93277,0.8714,0.94518,0.65781,1.12852,0.66035,0.01187,0.0046536
exp_imgsz960_v2,36,797.66,1.19736,0.6493,0.00571,0.90835,0.89443,0.94546,0.65194,1.16486,0.60954,0.01288,0.004614
exp_imgsz960_v2,37,819.533,1.18462,0.64113,0.00583,0.90445,0.88292,0.94287,0.64666,1.16215,0.64504,0.01255,0.0045744
exp_imgsz960_v2,38,841.473,1.18533,0.64063,0.00586,0.92515,0.88967,0.94698,0.64927,1.15198,0.62913,0.01243,0.0045348
exp_imgsz960_v2,39,863.493,1.19088,0.63963,0.00587,0.93774,0.87428,0.94662,0.65079,1.16391,0.59271,0.01238,0.0044952
exp_imgsz960_v2,40,885.411,1.18682,0.63056,0.00585,0.91674,0.88772,0.94424,0.64986,1.16689,0.6416,0.01274,0.0044556
exp_imgsz960_v2,41,907.324,1.17169,0.62583,0.00598,0.91821,0.8906,0.94418,0.64687,1.16587,0.64992,0.01251,0.004416
exp_imgsz960_v2,42,929.22,1.18152,0.63271,0.00562,0.93273,0.86372,0.94061,0.64996,1.14316,0.64447,0.01212,0.0043764
exp_imgsz960_v2,43,951.107,1.18022,0.61982,0.00564,0.92299,0.88868,0.94273,0.64569,1.1628,0.64728,0.01263,0.0043368
exp_imgsz960_v2,44,972.961,1.17207,0.60994,0.00575,0.93492,0.89443,0.94663,0.65027,1.15932,0.63365,0.01242,0.0042972
exp_imgsz960_v2,45,995,1.16515,0.59949,0.00573,0.93902,0.89155,0.94828,0.65221,1.14996,0.62938,0.01223,0.0042576
exp_imgsz960_v2,46,1016.89,1.18543,0.59294,0.00528,0.94527,0.88772,0.94833,0.65053,1.16593,0.61442,0.01243,0.004218
exp_imgsz960_v2,47,1038.77,1.15867,0.59226,0.00545,0.95091,0.8858,0.94762,0.65298,1.15552,0.61687,0.01223,0.0041784
exp_imgsz960_v2,48,1060.66,1.15872,0.60484,0.00558,0.93963,0.89624,0.95024,0.65556,1.16139,0.60129,0.01226,0.0041388
exp_imgsz960_v2,49,1082.65,1.17164,0.61998,0.00541,0.94346,0.89677,0.94712,0.65837,1.14928,0.63856,0.01208,0.0040992
exp_imgsz960_v2,50,1104.6,1.17984,0.59249,0.00567,0.93151,0.90057,0.94949,0.6538,1.16692,0.62786,0.01264,0.0040596
exp_imgsz960_v2,51,1126.48,1.15206,0.57996,0.0056,0.93257,0.90255,0.95253,0.65463,1.17407,0.61186,0.01268,0.00402
exp_imgsz960_v2,52,1148.42,1.15597,0.5769,0.00557,0.94738,0.89923,0.9522,0.65764,1.1516,0.63926,0.01227,0.0039804
exp_imgsz960_v2,53,1170.29,1.13101,0.56454,0.00536,0.94923,0.881,0.94689,0.65415,1.16268,0.63503,0.01238,0.0039408
exp_imgsz960_v2,54,1192.32,1.15076,0.5605,0.00507,0.92221,0.90211,0.94481,0.65047,1.15877,0.63731,0.01245,0.0039012
exp_imgsz960_v2,55,1214.17,1.12819,0.55782,0.00547,0.94172,0.89251,0.95076,0.6628,1.13431,0.62662,0.01199,0.0038616
exp_imgsz960_v2,56,1236.14,1.1607,0.57132,0.00536,0.93396,0.90019,0.94653,0.66257,1.1412,0.63729,0.01204,0.003822
exp_imgsz960_v2,57,1258.05,1.12928,0.5638,0.00528,0.93867,0.89594,0.94723,0.65309,1.13108,0.64928,0.01186,0.0037824
exp_imgsz960_v2,58,1280,1.12146,0.55109,0.00528,0.93014,0.90728,0.9518,0.66347,1.1368,0.64019,0.01205,0.0037428
exp_imgsz960_v2,59,1301.97,1.13723,0.53891,0.0051,0.93163,0.90019,0.94543,0.65519,1.15557,0.62851,0.01224,0.0037032
exp_imgsz960_v2,60,1323.85,1.14735,0.55901,0.00522,0.92889,0.89155,0.9443,0.65629,1.17106,0.61722,0.01275,0.0036636
exp_imgsz960_v2,61,1345.77,1.11964,0.53813,0.00526,0.93267,0.91363,0.94744,0.65738,1.17967,0.60359,0.01289,0.003624
exp_imgsz960_v2,62,1367.58,1.09962,0.52763,0.00536,0.94021,0.89041,0.9511,0.65472,1.18422,0.602,0.01257,0.0035844
exp_imgsz960_v2,63,1389.59,1.12235,0.54166,0.00523,0.95638,0.88385,0.95065,0.66047,1.16456,0.612,0.01247,0.0035448
exp_imgsz960_v2,64,1411.55,1.10952,0.54653,0.00527,0.9466,0.8762,0.94906,0.64887,1.20188,0.62305,0.01342,0.0035052
exp_imgsz960_v2,65,1433.43,1.10553,0.52072,0.00523,0.93996,0.89731,0.95076,0.6561,1.16126,0.59681,0.01263,0.0034656
exp_imgsz960_v2,66,1455.44,1.11944,0.52065,0.00504,0.9427,0.90595,0.94917,0.65485,1.16989,0.65209,0.01276,0.003426
exp_imgsz960_v2,67,1477.35,1.11382,0.53096,0.00509,0.93668,0.89435,0.94719,0.65888,1.15262,0.62074,0.01244,0.0033864
exp_imgsz960_v2,68,1499.41,1.10704,0.53095,0.00521,0.94352,0.89784,0.945,0.6606,1.13935,0.6279,0.01194,0.0033468
exp_imgsz960_v2,69,1521.24,1.10376,0.52792,0.0051,0.92542,0.90501,0.94753,0.65986,1.17719,0.62213,0.01256,0.0033072
exp_imgsz960_v2,70,1543.15,1.10378,0.52754,0.00513,0.92207,0.90841,0.94533,0.6497,1.16903,0.64727,0.01275,0.0032676
exp_imgsz960_v2,71,1565.01,1.1006,0.52766,0.00529,0.9387,0.89653,0.94781,0.6551,1.17162,0.63449,0.01293,0.003228
exp_imgsz960_v2,72,1587.05,1.10229,0.52261,0.00494,0.94554,0.89985,0.94753,0.66114,1.15285,0.62735,0.01235,0.0031884
exp_imgsz960_v2,73,1608.97,1.08683,0.51001,0.00519,0.94313,0.89122,0.94481,0.66051,1.14222,0.65717,0.01248,0.0031488
exp_imgsz960_v2,74,1630.81,1.09163,0.50943,0.00521,0.9343,0.90979,0.95221,0.65754,1.16693,0.62082,0.01281,0.0031092
exp_imgsz960_v2,75,1652.73,1.08965,0.51039,0.00505,0.93824,0.91075,0.94527,0.65861,1.14178,0.65204,0.01232,0.0030696
exp_imgsz960_v2,76,1674.65,1.08863,0.50222,0.005,0.9543,0.90172,0.95115,0.6614,1.153,0.62465,0.01227,0.00303
exp_imgsz960_v2,77,1696.71,1.08164,0.51345,0.00492,0.95709,0.89906,0.95044,0.6583,1.14872,0.60224,0.0123,0.0029904
exp_imgsz960_v2,78,1718.53,1.08086,0.50058,0.00492,0.95655,0.88741,0.94828,0.65752,1.15903,0.63191,0.01246,0.0029508
exp_imgsz960_v2,79,1740.41,1.06993,0.49552,0.005,0.94419,0.89292,0.95037,0.65874,1.18386,0.5776,0.01322,0.0029112
exp_imgsz960_v2,80,1762.32,1.06987,0.49655,0.00503,0.94532,0.89635,0.95212,0.65854,1.1602,0.62466,0.01247,0.0028716
exp_imgsz960_v2,81,1784.25,1.09951,0.51561,0.00486,0.9384,0.90115,0.95068,0.65974,1.15287,0.61747,0.01257,0.002832
exp_imgsz960_v2,82,1806.19,1.08369,0.50069,0.00494,0.9398,0.89895,0.94763,0.66342,1.16639,0.63457,0.0127,0.0027924
exp_imgsz960_v2,83,1828.1,1.0618,0.50315,0.00466,0.94065,0.89635,0.94847,0.65672,1.15684,0.62181,0.0124,0.0027528
exp_imgsz960_v2,84,1850.04,1.07567,0.49331,0.00501,0.94187,0.9019,0.95078,0.65898,1.13655,0.63278,0.0121,0.0027132
exp_imgsz960_v2,85,1871.88,1.05545,0.48594,0.00503,0.94916,0.91171,0.94988,0.66215,1.13263,0.61967,0.01199,0.0026736
exp_imgsz960_v2,86,1893.96,1.04483,0.48384,0.00481,0.95243,0.90318,0.94915,0.66274,1.12301,0.6216,0.01183,0.002634
exp_imgsz960_v2,87,1915.83,1.07047,0.49544,0.0048,0.95284,0.91124,0.95107,0.66369,1.14017,0.5915,0.01214,0.0025944
exp_imgsz960_v2,88,1937.84,1.04969,0.48361,0.00495,0.94734,0.91501,0.95133,0.66564,1.14126,0.62967,0.0123,0.0025548
exp_imgsz960_v2,89,1959.8,1.0477,0.48747,0.00495,0.94364,0.90979,0.95067,0.66208,1.15377,0.64635,0.01271,0.0025152
exp_imgsz960_v2,90,1981.68,1.07057,0.48515,0.00482,0.9483,0.90499,0.94943,0.66434,1.16705,0.61594,0.01296,0.0024756
exp_imgsz960_v2,91,2003.7,1.03613,0.47116,0.00497,0.95758,0.91363,0.9543,0.66366,1.17492,0.6021,0.01313,0.002436
exp_imgsz960_v2,92,2025.52,1.06367,0.47125,0.00484,0.95999,0.90595,0.95635,0.66145,1.17138,0.59405,0.01281,0.0023964
exp_imgsz960_v2,93,2047.41,1.05584,0.48488,0.00471,0.95907,0.89923,0.95135,0.66533,1.17053,0.58544,0.0129,0.0023568
exp_imgsz960_v2,94,2069.31,1.04087,0.46178,0.00478,0.94542,0.91423,0.95074,0.66827,1.16372,0.56109,0.01255,0.0023172
exp_imgsz960_v2,95,2091.25,1.05168,0.4734,0.00476,0.95764,0.89731,0.95012,0.66507,1.15326,0.61098,0.01238,0.0022776
exp_imgsz960_v2,96,2113.3,1.04158,0.45529,0.00491,0.93691,0.91207,0.95162,0.66917,1.15851,0.60805,0.01255,0.002238
exp_imgsz960_v2,97,2135.18,1.03493,0.4658,0.00453,0.95542,0.90508,0.95153,0.66844,1.15095,0.60817,0.01249,0.0021984
exp_imgsz960_v2,98,2157.16,1.04386,0.46787,0.00471,0.93996,0.90883,0.95281,0.66724,1.15692,0.6299,0.01257,0.0021588
exp_imgsz960_v2,99,2179,1.04423,0.46395,0.0047,0.96318,0.90375,0.95393,0.66749,1.16209,0.60303,0.01266,0.0021192
exp_imgsz960_v2,100,2200.92,1.04802,0.47745,0.00499,0.96502,0.90031,0.95149,0.66521,1.16732,0.62643,0.01297,0.0020796
exp_imgsz960_v2,101,2222.9,1.03486,0.46471,0.00476,0.95077,0.90403,0.9524,0.66945,1.16483,0.59667,0.01295,0.00204
exp_imgsz960_v2,102,2244.9,1.0387,0.46103,0.0045,0.95513,0.89892,0.95043,0.66978,1.15558,0.61168,0.01264,0.0020004
exp_imgsz960_v2,103,2266.74,1.02157,0.46305,0.00484,0.94719,0.91459,0.95013,0.66877,1.15332,0.63945,0.01255,0.0019608
exp_imgsz960_v2,104,2288.7,1.03388,0.47163,0.00443,0.9539,0.89251,0.9538,0.67284,1.16547,0.62112,0.01297,0.0019212
exp_imgsz960_v2,105,2310.67,1.01353,0.45024,0.00434,0.94024,0.90596,0.94876,0.66504,1.16656,0.60206,0.01294,0.0018816
exp_imgsz960_v2,106,2332.63,1.01665,0.47401,0.00471,0.94862,0.9036,0.94971,0.66339,1.17632,0.61783,0.01301,0.001842
exp_imgsz960_v2,107,2354.54,1.03704,0.477,0.00466,0.93882,0.89826,0.94689,0.66519,1.17105,0.63817,0.01305,0.0018024
exp_imgsz960_v2,108,2376.4,1.02219,0.46256,0.00453,0.92351,0.90883,0.94703,0.66449,1.16155,0.61759,0.01258,0.0017628
exp_imgsz960_v2,109,2398.33,1.03364,0.46664,0.00452,0.93806,0.90118,0.95,0.66687,1.1667,0.61894,0.01283,0.0017232
exp_imgsz960_v2,110,2420.34,1.02766,0.46518,0.00437,0.9336,0.90979,0.94712,0.66498,1.16565,0.60856,0.01272,0.0016836
exp_imgsz960_v2,111,2442.25,1.01908,0.46883,0.00474,0.95012,0.89569,0.94769,0.66575,1.16543,0.61359,0.01272,0.001644
exp_imgsz960_v2,112,2464.23,1.0205,0.45221,0.00451,0.94969,0.90581,0.947,0.66406,1.15081,0.62882,0.01237,0.0016044
exp_imgsz960_v2,113,2486.16,1.0255,0.45767,0.00442,0.94574,0.90211,0.94725,0.66357,1.16551,0.6232,0.01273,0.0015648
exp_imgsz960_v2,114,2508.11,1.01327,0.44797,0.00444,0.94123,0.90679,0.95269,0.66676,1.17375,0.6141,0.013,0.0015252
exp_imgsz960_v2,115,2529.98,1.0097,0.44912,0.00465,0.93371,0.91651,0.95328,0.6663,1.17405,0.61775,0.01301,0.0014856
exp_imgsz960_v2,116,2551.94,1.00066,0.45188,0.00465,0.9401,0.91267,0.95186,0.66372,1.15885,0.62352,0.01283,0.001446
exp_imgsz960_v2,117,2573.82,1.00005,0.45046,0.00458,0.92599,0.91363,0.94958,0.66902,1.15511,0.61754,0.01265,0.0014064
exp_imgsz960_v2,118,2595.75,1.00798,0.44712,0.00461,0.94562,0.90883,0.95111,0.67037,1.16027,0.60194,0.01256,0.0013668
exp_imgsz960_v2,119,2617.62,1.01088,0.44399,0.00436,0.94117,0.92125,0.95374,0.66963,1.15203,0.60168,0.01245,0.0013272
exp_imgsz960_v2,120,2639.55,1.00453,0.4441,0.00427,0.94617,0.91363,0.954,0.6698,1.15223,0.60867,0.01257,0.0012876
exp_imgsz960_v2,121,2661.61,1.00349,0.44106,0.00433,0.95173,0.90595,0.95006,0.66653,1.15488,0.62183,0.01259,0.001248
exp_imgsz960_v2,122,2683.48,1.00367,0.45339,0.00453,0.95336,0.90231,0.95119,0.66511,1.17005,0.60594,0.01289,0.0012084
exp_imgsz960_v2,123,2705.33,0.99867,0.44076,0.00438,0.95379,0.90115,0.95031,0.66635,1.16656,0.61963,0.0129,0.0011688
exp_imgsz960_v2,124,2727.18,0.99044,0.42931,0.00435,0.96361,0.90211,0.95162,0.66622,1.16582,0.59641,0.01273,0.0011292
exp_imgsz960_v2,125,2749.11,0.99981,0.43965,0.00454,0.94627,0.90595,0.95039,0.66642,1.15813,0.6067,0.01263,0.0010896
exp_imgsz960_v2,126,2771.04,0.99682,0.44093,0.00431,0.94946,0.90979,0.95252,0.67078,1.15969,0.60766,0.01274,0.00105
exp_imgsz960_v2,127,2792.93,0.97964,0.42474,0.00419,0.96206,0.90039,0.95227,0.67167,1.1589,0.60179,0.01269,0.0010104
exp_imgsz960_v2,128,2814.82,0.99466,0.44121,0.00444,0.95917,0.90171,0.95239,0.67163,1.15261,0.59531,0.01262,0.0009708
exp_imgsz960_v2,129,2836.68,1.00979,0.44943,0.00425,0.94279,0.91723,0.95232,0.66789,1.16384,0.58755,0.01278,0.0009312
exp_imgsz960_v2,130,2858.74,0.9939,0.44768,0.00441,0.95798,0.90019,0.95304,0.66797,1.1635,0.59534,0.0128,0.0008916
exp_imgsz960_v2,131,2880.55,1.00343,0.44383,0.00434,0.95716,0.90053,0.95166,0.66675,1.15537,0.60112,0.01265,0.000852
exp_imgsz960_v2,132,2902.41,0.99515,0.4376,0.00442,0.95395,0.91267,0.95175,0.66595,1.16011,0.60473,0.01275,0.0008124
exp_imgsz960_v2,133,2924.36,0.98949,0.43653,0.00433,0.94949,0.90193,0.94982,0.66964,1.15868,0.6116,0.01281,0.0007728
exp_imgsz960_v2,134,2946.54,0.9945,0.43131,0.00441,0.94909,0.91171,0.95376,0.67136,1.15895,0.59052,0.01278,0.0007332
exp_imgsz960_v2,135,2968.56,0.98463,0.43809,0.00429,0.95824,0.90285,0.95295,0.67286,1.15666,0.59025,0.01283,0.0006936
exp_imgsz960_v2,136,2990.54,0.99692,0.43033,0.00425,0.95924,0.90338,0.95334,0.67269,1.15547,0.59766,0.01279,0.000654
exp_imgsz960_v2,137,3012.42,0.99753,0.44923,0.00444,0.94543,0.91459,0.95103,0.67193,1.15908,0.57745,0.01273,0.0006144
exp_imgsz960_v2,138,3034.2,0.98204,0.43754,0.00441,0.96138,0.90789,0.95366,0.67041,1.15173,0.59914,0.01253,0.0005748
exp_imgsz960_v2,139,3056.01,0.98505,0.42337,0.00427,0.947,0.90888,0.95173,0.67087,1.1521,0.60688,0.01258,0.0005352
exp_imgsz960_v2,140,3077.91,0.97714,0.41886,0.00409,0.96222,0.90447,0.95327,0.67154,1.15209,0.59728,0.01263,0.0004956
exp_imgsz960_v2,141,3099.6,0.97451,0.39304,0.00476,0.94126,0.90883,0.94639,0.64896,1.19988,0.62884,0.01333,0.000456
exp_imgsz960_v2,142,3120.95,0.9603,0.3678,0.00513,0.94788,0.90752,0.94818,0.65427,1.18952,0.60778,0.01302,0.0004164
exp_imgsz960_v2,143,3142.45,0.93339,0.34813,0.00447,0.938,0.9147,0.94846,0.65752,1.18506,0.61325,0.01306,0.0003768
exp_imgsz960_v2,144,3163.99,0.94046,0.33996,0.00461,0.93394,0.9226,0.94646,0.65638,1.18229,0.61602,0.01284,0.0003372
exp_imgsz960_v2,145,3185.52,0.91428,0.3452,0.00441,0.93678,0.91459,0.9492,0.66222,1.17776,0.6209,0.0128,0.0002976
exp_imgsz960_v2,146,3206.99,0.94544,0.35614,0.00479,0.93957,0.91013,0.94979,0.66255,1.17717,0.60846,0.01279,0.000258
exp_imgsz960_v2,147,3228.38,0.927,0.34687,0.00466,0.9387,0.9111,0.94922,0.66006,1.17656,0.60333,0.01275,0.0002184
exp_imgsz960_v2,148,3249.86,0.92853,0.36727,0.0048,0.94617,0.91089,0.94823,0.65894,1.17197,0.60862,0.01267,0.0001788
exp_imgsz960_v2,149,3271.23,0.91675,0.34825,0.00449,0.94187,0.91751,0.94931,0.66089,1.16498,0.60295,0.01259,0.0001392
exp_imgsz960_v2,150,3292.78,0.91674,0.33515,0.00441,0.94227,0.91555,0.94991,0.66126,1.17135,0.60455,0.01266,9.96e-05
