image,boxes,min_conf,max_conf,dropped_low_conf
1612.jpg,1,0.938,0.938,0
1613.jpg,2,0.855,0.938,0
1614.jpg,0,0.0,0.0,1
1615.jpg,1,0.922,0.922,0
1616.jpg,2,0.898,0.919,0
1617.jpg,1,0.724,0.724,0
1618.jpg,1,0.902,0.902,0
1619.jpg,1,0.939,0.939,0
1620.jpg,1,0.882,0.882,0
1621.jpg,1,0.939,0.939,0
1622.jpg,2,0.681,0.9,0
1623.jpg,2,0.935,0.94,0
1624.jpg,1,0.933,0.933,0
1625.jpg,2,0.927,0.932,1
1626.jpg,1,0.449,0.449,2
1627.jpg,3,0.525,0.929,0
1628.jpg,2,0.437,0.947,0
1629.jpg,1,0.873,0.873,0
1630.jpg,1,0.945,0.945,2
1631.jpg,4,0.936,0.946,0
1632.jpg,1,0.83,0.83,2
1633.jpg,1,0.942,0.942,0
1634.jpg,1,0.884,0.884,2
1635.jpg,1,0.939,0.939,0
1636.jpg,1,0.939,0.939,0
1637.jpg,1,0.867,0.867,1
1638.jpg,2,0.874,0.881,0
1639.jpg,1,0.942,0.942,0
1640.jpg,2,0.548,0.919,3
1641.jpg,1,0.957,0.957,0
1642.jpg,1,0.925,0.925,0
1643.jpg,3,0.881,0.944,7
1644.jpg,1,0.92,0.92,0
1645.jpg,3,0.451,0.686,3
1646.jpg,4,0.272,0.933,1
1647.jpg,2,0.909,0.94,0
1648.jpg,1,0.948,0.948,0
1649.jpg,1,0.939,0.939,0
1650.jpg,1,0.933,0.933,0
1651.jpg,2,0.948,0.951,0
1652.jpg,1,0.948,0.948,0
1653.jpg,1,0.945,0.945,0
1654.jpg,1,0.878,0.878,0
1655.jpg,1,0.62,0.62,1
1656.jpg,2,0.797,0.935,1
1657.jpg,3,0.274,0.716,2
1658.jpg,7,0.738,0.937,1
1659.jpg,2,0.933,0.937,0
1660.jpg,1,0.908,0.908,0
1661.jpg,1,0.264,0.264,1
1662.jpg,3,0.401,0.885,0
1663.jpg,1,0.313,0.313,3
1664.jpg,4,0.402,0.942,0
1665.jpg,1,0.917,0.917,0
1666.jpg,3,0.821,0.928,0
1667.jpg,1,0.525,0.525,1
1668.jpg,4,0.445,0.88,1
1669.jpg,2,0.939,0.945,0
1670.jpg,2,0.342,0.382,2
1671.jpg,1,0.877,0.877,0
1672.jpg,1,0.928,0.928,0
1673.jpg,0,0.0,0.0,3
1674.jpg,2,0.74,0.935,0
1675.jpg,4,0.385,0.936,0
1676.jpg,2,0.941,0.947,0
1677.jpg,1,0.747,0.747,0
1678.jpg,4,0.39,0.938,2
1679.jpg,1,0.911,0.911,0
1680.jpg,2,0.877,0.954,0
1681.jpg,1,0.914,0.914,2
1682.jpg,2,0.623,0.907,1
1683.jpg,1,0.451,0.451,1
1684.jpg,1,0.945,0.945,0
1685.jpg,1,0.87,0.87,1
1686.jpg,1,0.835,0.835,0
1687.jpg,4,0.783,0.941,2
1688.jpg,1,0.817,0.817,1
1689.jpg,1,0.559,0.559,0
1690.jpg,2,0.934,0.942,3
1691.jpg,2,0.93,0.935,0
1692.jpg,1,0.932,0.932,0
1693.jpg,1,0.937,0.937,1
1694.jpg,1,0.952,0.952,0
1695.jpg,3,0.625,0.931,0
1696.jpg,1,0.878,0.878,0
1697.jpg,1,0.912,0.912,0
1698.jpg,3,0.477,0.966,0
1699.jpg,1,0.952,0.952,0
1700.jpg,1,0.918,0.918,0
1701.jpg,1,0.711,0.711,1
1702.jpg,1,0.926,0.926,0
1703.jpg,2,0.724,0.946,0
1704.jpg,1,0.937,0.937,0
1705.jpg,1,0.795,0.795,1
1706.jpg,1,0.943,0.943,0
1707.jpg,1,0.906,0.906,1
1708.jpg,3,0.936,0.946,1
1709.jpg,1,0.939,0.939,0
1710.jpg,1,0.936,0.936,0
1711.jpg,1,0.952,0.952,0
